{
  "project_info": {
    "project_number": "474480445435",
    "firebase_url": "https://missilegame.firebaseio.com",
    "project_id": "missilegame",
    "storage_bucket": "missilegame.appspot.com"
  },
  "client": [
    {
      "client_info": {
        "mobilesdk_app_id": "1:474480445435:android:06f963f15ec6f25b7bed5e",
        "android_client_info": {
          "package_name": "com.davidjo.missilegame"
        }
      },
      "oauth_client": [
        {
          "client_id": "474480445435-53rvb0fc4vg1rmmkfd6m3s5pin3i825m.apps.googleusercontent.com",
          "client_type": 3
        }
      ],
      "api_key": [
        {
          "current_key": "AIzaSyBfGpMIsGl3v4if2JieyTaLGUOoCSETCp0"
        }
      ],
      "services": {
        "appinvite_service": {
          "other_platform_oauth_client": [
            {
              "client_id": "474480445435-53rvb0fc4vg1rmmkfd6m3s5pin3i825m.apps.googleusercontent.com",
              "client_type": 3
            }
          ]
        }
      }
    }
  ],
  "configuration_version": "1"
}