{
  "project_info": {
    "project_number": "361727916186",
    "project_id": "nfc-kiosk",
    "storage_bucket": "nfc-kiosk.appspot.com"
  },
  "client": [
    {
      "client_info": {
        "mobilesdk_app_id": "1:361727916186:android:d11851e3b0adb6ca950723",
        "android_client_info": {
          "package_name": "com.cool.nfckiosk"
        }
      },
      "oauth_client": [
        {
          "client_id": "361727916186-ro1a82opq81ivt74089k9hnbp9959jdt.apps.googleusercontent.com",
          "client_type": 3
        }
      ],
      "api_key": [
        {
          "current_key": "AIzaSyCoA5f57olk7SdZ4nlGjTnPuhMm3X5_J0k"
        }
      ],
      "services": {
        "appinvite_service": {
          "other_platform_oauth_client": [
            {
              "client_id": "361727916186-ro1a82opq81ivt74089k9hnbp9959jdt.apps.googleusercontent.com",
              "client_type": 3
            }
          ]
        }
      }
    }
  ],
  "configuration_version": "1"
}