{
  "project_info": {
    "project_number": "100952848166",
    "project_id": "happy-diary-231b3",
    "storage_bucket": "happy-diary-231b3.appspot.com"
  },
  "client": [
    {
      "client_info": {
        "mobilesdk_app_id": "1:100952848166:android:3259f95a0b78890940f3e7",
        "android_client_info": {
          "package_name": "com.penelope.happydiary"
        }
      },
      "oauth_client": [
        {
          "client_id": "100952848166-mthjdq44k02qng4h6u81i7q9s516ecsr.apps.googleusercontent.com",
          "client_type": 3
        }
      ],
      "api_key": [
        {
          "current_key": "AIzaSyAJ8OZJUw9twFv_WcJ2ifDjV8MeM7DLcEQ"
        }
      ],
      "services": {
        "appinvite_service": {
          "other_platform_oauth_client": [
            {
              "client_id": "100952848166-mthjdq44k02qng4h6u81i7q9s516ecsr.apps.googleusercontent.com",
              "client_type": 3
            }
          ]
        }
      }
    }
  ],
  "configuration_version": "1"
}