{
  "project_info": {
    "project_number": "758206000602",
    "project_id": "camping-travel",
    "storage_bucket": "camping-travel.appspot.com"
  },
  "client": [
    {
      "client_info": {
        "mobilesdk_app_id": "1:758206000602:android:053353a5a2002a005324e3",
        "android_client_info": {
          "package_name": "com.penelope.campingtravel"
        }
      },
      "oauth_client": [
        {
          "client_id": "758206000602-1hao9spn3fun3rkk9spbolue3d6cr6tb.apps.googleusercontent.com",
          "client_type": 3
        }
      ],
      "api_key": [
        {
          "current_key": "AIzaSyAbzH4SUh6R3GbIhaBUmopFzOAywBtwDGg"
        }
      ],
      "services": {
        "appinvite_service": {
          "other_platform_oauth_client": [
            {
              "client_id": "758206000602-1hao9spn3fun3rkk9spbolue3d6cr6tb.apps.googleusercontent.com",
              "client_type": 3
            }
          ]
        }
      }
    }
  ],
  "configuration_version": "1"
}