{
  "project_info": {
    "project_number": "347003910624",
    "project_id": "q-pay-d72cb",
    "storage_bucket": "q-pay-d72cb.appspot.com"
  },
  "client": [
    {
      "client_info": {
        "mobilesdk_app_id": "1:347003910624:android:8fa98cd6eb5bba8dda5385",
        "android_client_info": {
          "package_name": "com.penelope.qpay"
        }
      },
      "oauth_client": [
        {
          "client_id": "347003910624-1t3c3etpqbh2nqgilojte9t1t1qbqsni.apps.googleusercontent.com",
          "client_type": 3
        }
      ],
      "api_key": [
        {
          "current_key": "AIzaSyCjAxRPQzmLUhTvHh35oSC0QZFYd0noQ6s"
        }
      ],
      "services": {
        "appinvite_service": {
          "other_platform_oauth_client": [
            {
              "client_id": "347003910624-1t3c3etpqbh2nqgilojte9t1t1qbqsni.apps.googleusercontent.com",
              "client_type": 3
            }
          ]
        }
      }
    }
  ],
  "configuration_version": "1"
}