{
  "project_info": {
    "project_number": "558788338497",
    "project_id": "pet-sns-41568",
    "storage_bucket": "pet-sns-41568.appspot.com"
  },
  "client": [
    {
      "client_info": {
        "mobilesdk_app_id": "1:558788338497:android:44bf44f18d4a09c60437c0",
        "android_client_info": {
          "package_name": "com.seventears.petsns"
        }
      },
      "oauth_client": [
        {
          "client_id": "558788338497-6e30qrnb4ltt5jimnl5f5tc91umfmqqe.apps.googleusercontent.com",
          "client_type": 1,
          "android_info": {
            "package_name": "com.seventears.petsns",
            "certificate_hash": "07d1fda1eb6525aea33914760ba2e706257330ba"
          }
        },
        {
          "client_id": "558788338497-1g7r80914vrmlpdk4r3s8958d8lvc5rh.apps.googleusercontent.com",
          "client_type": 3
        }
      ],
      "api_key": [
        {
          "current_key": "AIzaSyDVaICUEIGlyh8o7qisXMcChwhpDS35YuM"
        }
      ],
      "services": {
        "appinvite_service": {
          "other_platform_oauth_client": [
            {
              "client_id": "558788338497-1g7r80914vrmlpdk4r3s8958d8lvc5rh.apps.googleusercontent.com",
              "client_type": 3
            }
          ]
        }
      }
    }
  ],
  "configuration_version": "1"
}