{
  "project_info": {
    "project_number": "514055402965",
    "project_id": "q-shopping-53d01",
    "storage_bucket": "q-shopping-53d01.appspot.com"
  },
  "client": [
    {
      "client_info": {
        "mobilesdk_app_id": "1:514055402965:android:8f60d607d68c83a9f9395c",
        "android_client_info": {
          "package_name": "com.penelope.qshopping"
        }
      },
      "oauth_client": [
        {
          "client_id": "514055402965-8nk0qifc5ufsnbm2iij8831env34fa4j.apps.googleusercontent.com",
          "client_type": 3
        }
      ],
      "api_key": [
        {
          "current_key": "AIzaSyAzxYFUT5jJ7xae_lHk1Pwecby8DpF2O4g"
        }
      ],
      "services": {
        "appinvite_service": {
          "other_platform_oauth_client": [
            {
              "client_id": "514055402965-8nk0qifc5ufsnbm2iij8831env34fa4j.apps.googleusercontent.com",
              "client_type": 3
            }
          ]
        }
      }
    }
  ],
  "configuration_version": "1"
}