{
  "project_info": {
    "project_number": "394625674151",
    "project_id": "passingbuyapplication",
    "storage_bucket": "passingbuyapplication.appspot.com"
  },
  "client": [
    {
      "client_info": {
        "mobilesdk_app_id": "1:394625674151:android:239c585db71062ca012482",
        "android_client_info": {
          "package_name": "com.cool.passingbuyapplication"
        }
      },
      "oauth_client": [
        {
          "client_id": "394625674151-e9bfnu45ldukl3eg6b3kuaud617rqus7.apps.googleusercontent.com",
          "client_type": 3
        }
      ],
      "api_key": [
        {
          "current_key": "AIzaSyAKkW6QHztqtOhRjocHMQ5MDoPb5bEgCj0"
        }
      ],
      "services": {
        "appinvite_service": {
          "other_platform_oauth_client": [
            {
              "client_id": "394625674151-e9bfnu45ldukl3eg6b3kuaud617rqus7.apps.googleusercontent.com",
              "client_type": 3
            }
          ]
        }
      }
    }
  ],
  "configuration_version": "1"
}