{
  "project_info": {
    "project_number": "946670469203",
    "project_id": "with-cook",
    "storage_bucket": "with-cook.appspot.com"
  },
  "client": [
    {
      "client_info": {
        "mobilesdk_app_id": "1:946670469203:android:4b4b3ea1d8262f350486a6",
        "android_client_info": {
          "package_name": "com.cool.withcook"
        }
      },
      "oauth_client": [
        {
          "client_id": "946670469203-88eph1q1clj5057ek2sh45h4le2hhkdn.apps.googleusercontent.com",
          "client_type": 3
        }
      ],
      "api_key": [
        {
          "current_key": "AIzaSyBbXziUpZ-IvFCiNqJYmGE_gPtB1Mvc5p0"
        }
      ],
      "services": {
        "appinvite_service": {
          "other_platform_oauth_client": [
            {
              "client_id": "946670469203-88eph1q1clj5057ek2sh45h4le2hhkdn.apps.googleusercontent.com",
              "client_type": 3
            }
          ]
        }
      }
    }
  ],
  "configuration_version": "1"
}