{
  "project_info": {
    "project_number": "148299849687",
    "project_id": "seat-for-you",
    "storage_bucket": "seat-for-you.appspot.com"
  },
  "client": [
    {
      "client_info": {
        "mobilesdk_app_id": "1:148299849687:android:49116611fc952f3f63f592",
        "android_client_info": {
          "package_name": "com.penelope.seatforyou"
        }
      },
      "oauth_client": [
        {
          "client_id": "148299849687-68uprlkegfgfn88hk99ffr64n432ovrb.apps.googleusercontent.com",
          "client_type": 3
        }
      ],
      "api_key": [
        {
          "current_key": "AIzaSyD-_k_elGy8gC7hry0AbRAvfr5pgdhQA5I"
        }
      ],
      "services": {
        "appinvite_service": {
          "other_platform_oauth_client": [
            {
              "client_id": "148299849687-68uprlkegfgfn88hk99ffr64n432ovrb.apps.googleusercontent.com",
              "client_type": 3
            }
          ]
        }
      }
    }
  ],
  "configuration_version": "1"
}